model,setting,seed,accuracy,precision,recall,f1,precision_macro,recall_macro,f1_macro,n_per_class,epochs,bs,base_model
mBERT,five-shot,13,0.311022311,0.354635651,0.311022311,0.307240281,0.318324239,0.348429152,0.29543806,5,15,4,
mBERT,five-shot,42,0.348984349,0.442684514,0.348984349,0.360947428,0.387640826,0.379005758,0.340058601,5,15,4,
mBERT,five-shot,100,0.357975358,0.364872627,0.357975358,0.343226109,0.370715771,0.35954305,0.348287508,5,15,4,
mBERT,few-shot,13,0.425574426,0.446953477,0.425574426,0.429488832,0.411488871,0.440600486,0.411954056,20,10,8,
mBERT,few-shot,42,0.390942391,0.446315237,0.390942391,0.398291156,0.400991587,0.426039664,0.381923629,20,10,8,
mBERT,few-shot,100,0.371961372,0.386608525,0.371961372,0.368380602,0.372177414,0.367854315,0.360521287,20,10,8,
mBERT,full,42,0.725940726,0.726423679,0.725940726,0.72483269,0.712456978,0.693057045,0.701027579,,5,32,
XLM-RoBERTa,five-shot,13,0.221445221,0.514060499,0.221445221,0.181420766,0.433631963,0.325774864,0.199156467,5,15,4,
XLM-RoBERTa,five-shot,42,0.384948385,0.380022648,0.384948385,0.377356831,0.353650827,0.334312418,0.333282347,5,15,4,
XLM-RoBERTa,five-shot,100,0.34032634,0.332652656,0.34032634,0.262530314,0.329188313,0.329354061,0.26536685,5,15,4,
XLM-RoBERTa,few-shot,13,0.25974026,0.309768707,0.25974026,0.22990377,0.280214483,0.352866858,0.23517497,20,10,8,
XLM-RoBERTa,few-shot,42,0.348318348,0.439785885,0.348318348,0.308940925,0.414623445,0.35311257,0.299792505,20,10,8,
XLM-RoBERTa,few-shot,100,0.323010323,0.364513301,0.323010323,0.310875845,0.33461759,0.38217765,0.311548074,20,10,8,
XLM-RoBERTa,full,42,0.738927739,0.738244468,0.738927739,0.738194292,0.726186277,0.712921353,0.718816751,,5,32,
BanglaBERT,five-shot,13,0.493506494,0.509565663,0.493506494,0.486420143,0.485185199,0.492935401,0.474450634,5,15,4,
BanglaBERT,five-shot,42,0.277056277,0.528144229,0.277056277,0.314107078,0.449508765,0.31538518,0.287553707,5,15,4,
BanglaBERT,five-shot,100,0.492507493,0.515844064,0.492507493,0.497732305,0.474181129,0.503252444,0.476351504,5,15,4,
BanglaBERT,few-shot,13,0.595737596,0.639093975,0.595737596,0.606474622,0.586391036,0.612427432,0.577752761,20,10,8,
BanglaBERT,few-shot,42,0.498501499,0.601664224,0.498501499,0.518794847,0.531543369,0.539750673,0.48722564,20,10,8,
BanglaBERT,few-shot,100,0.495837496,0.56002018,0.495837496,0.510027295,0.503224357,0.529451554,0.484117678,20,10,8,
BanglaBERT,full,42,0.762903763,0.761754599,0.762903763,0.761720461,0.742862221,0.730297122,0.735621728,,5,32,
BanglishBERT,five-shot,13,0.351648352,0.3928591,0.351648352,0.339581992,0.360448058,0.365717503,0.330647385,5,15,4,
BanglishBERT,five-shot,42,0.24009324,0.436667973,0.24009324,0.224740614,0.370324093,0.297729342,0.217777337,5,15,4,
BanglishBERT,five-shot,100,0.358308358,0.377651809,0.358308358,0.333124167,0.378979688,0.377689839,0.348414212,5,15,4,
BanglishBERT,few-shot,13,0.457209457,0.487044631,0.457209457,0.451632404,0.454256337,0.487531395,0.441775081,20,10,8,
BanglishBERT,few-shot,42,0.377955378,0.445165092,0.377955378,0.361745141,0.404914326,0.439939116,0.358234308,20,10,8,
BanglishBERT,few-shot,100,0.38028638,0.427995804,0.38028638,0.366219003,0.392803953,0.415664142,0.360225295,20,10,8,
BanglishBERT,full,42,0.728604729,0.731089389,0.728604729,0.728177238,0.705366367,0.70530624,0.70398077,,5,32,
DistilBERT,five-shot,13,0.301698302,0.355759136,0.301698302,0.296560821,0.318897876,0.337564743,0.288607258,5,15,4,
DistilBERT,five-shot,42,0.375291375,0.417320224,0.375291375,0.365697708,0.379700312,0.377837008,0.350604495,5,15,4,
DistilBERT,five-shot,100,0.336996337,0.354691512,0.336996337,0.337282982,0.36612027,0.338978867,0.344185357,5,15,4,
DistilBERT,few-shot,13,0.346653347,0.415253884,0.346653347,0.352584182,0.370334575,0.387171789,0.339758272,20,10,8,
DistilBERT,few-shot,42,0.370629371,0.42754208,0.370629371,0.37044078,0.387101987,0.417340759,0.361012671,20,10,8,
DistilBERT,few-shot,100,0.367299367,0.390518885,0.367299367,0.354285085,0.377245042,0.381805448,0.357920683,20,10,8,
DistilBERT,full,42,0.71961372,0.71949371,0.71961372,0.718790295,0.708576528,0.688206735,0.696908189,,5,32,
BERT,five-shot,13,0.251415251,0.307016396,0.251415251,0.214040697,0.275271832,0.32775432,0.217467308,5,15,4,
BERT,five-shot,42,0.286380286,0.393087773,0.286380286,0.281695328,0.339590086,0.29688967,0.266705143,5,15,4,
BERT,five-shot,100,0.362304362,0.367797606,0.362304362,0.363660473,0.365404303,0.346889625,0.353899459,5,15,4,
BERT,few-shot,13,0.316683317,0.371127662,0.316683317,0.311824535,0.331057775,0.380686684,0.297706624,20,10,8,
BERT,few-shot,42,0.286380286,0.331202717,0.286380286,0.267576915,0.30242469,0.330296815,0.271466445,20,10,8,
BERT,few-shot,100,0.376956377,0.399002172,0.376956377,0.36928998,0.380798442,0.384987136,0.366886969,20,10,8,
BERT,full,42,0.733932734,0.733477348,0.733932734,0.733103611,0.724558014,0.705186957,0.713565801,,5,32,
SetFit,five-shot,13,0.262737263,0.314023495,0.262737263,0.273802671,0.279029274,0.287733389,0.258326799,5,,,sentence-transformers/paraphrase-multilingual-MiniLM-L12-v2
SetFit,five-shot,42,0.302364302,0.340299246,0.302364302,0.30586161,0.299018353,0.297732471,0.28215423,5,,,sentence-transformers/paraphrase-multilingual-MiniLM-L12-v2
SetFit,five-shot,100,0.344655345,0.370410782,0.344655345,0.344808459,0.384379007,0.332266792,0.341358265,5,,,sentence-transformers/paraphrase-multilingual-MiniLM-L12-v2
SetFit,few-shot,13,0.411255411,0.44222555,0.411255411,0.415968547,0.404299402,0.43514758,0.399478477,20,,,sentence-transformers/paraphrase-multilingual-MiniLM-L12-v2
SetFit,few-shot,42,0.402264402,0.430947388,0.402264402,0.409385025,0.39435945,0.41199385,0.389436332,20,,,sentence-transformers/paraphrase-multilingual-MiniLM-L12-v2
SetFit,few-shot,100,0.377289377,0.380329017,0.377289377,0.368947962,0.38954081,0.384410389,0.379000261,20,,,sentence-transformers/paraphrase-multilingual-MiniLM-L12-v2
