model,setting,accuracy_mean,accuracy_std,precision_mean,precision_std,recall_mean,recall_std,f1_mean,f1_std,precision_macro_mean,precision_macro_std,recall_macro_mean,recall_macro_std,f1_macro_mean,f1_macro_std
BERT,few-shot,0.326673327,0.04610702,0.36711085,0.034077743,0.326673327,0.04610702,0.316230477,0.050999472,0.338093636,0.03965777,0.365323545,0.030410152,0.312020013,0.049294258
BERT,five-shot,0.3000333,0.05669129,0.355967258,0.044238426,0.3000333,0.05669129,0.286465499,0.074923863,0.326755407,0.046416725,0.323844539,0.025228231,0.279357303,0.069090454
BERT,full,0.733932734,0,0.733477348,0,0.733932734,0,0.733103611,0,0.724558014,0,0.705186957,0,0.713565801,0
BanglaBERT,few-shot,0.53002553,0.056923905,0.60025946,0.03955561,0.53002553,0.056923905,0.545098921,0.053333385,0.540386254,0.042282639,0.56054322,0.045227166,0.51636536,0.053185756
BanglaBERT,five-shot,0.421023421,0.124680205,0.517851319,0.009450534,0.421023421,0.124680205,0.432753175,0.102906091,0.469625031,0.018269387,0.437191008,0.105612997,0.412785282,0.10845789
BanglaBERT,full,0.762903763,0,0.761754599,0,0.762903763,0,0.761720461,0,0.742862221,0,0.730297122,0,0.735621728,0
BanglishBERT,few-shot,0.405150405,0.045099524,0.453401842,0.030373904,0.405150405,0.045099524,0.393198849,0.050654359,0.417324872,0.03255173,0.447711551,0.036558632,0.386744895,0.047667935
BanglishBERT,five-shot,0.316683317,0.06641249,0.402392961,0.030641439,0.316683317,0.06641249,0.299148924,0.064520333,0.36991728,0.00927251,0.347045562,0.043126573,0.298946311,0.070853488
BanglishBERT,full,0.728604729,0,0.731089389,0,0.728604729,0,0.728177238,0,0.705366367,0,0.70530624,0,0.70398077,0
DistilBERT,few-shot,0.361527362,0.012988436,0.41110495,0.01885708,0.361527362,0.012988436,0.359103349,0.009855266,0.378227201,0.008426743,0.395439332,0.019156038,0.352897209,0.011483198
DistilBERT,five-shot,0.337995338,0.036806706,0.375923624,0.035854481,0.337995338,0.036806706,0.333180504,0.03475054,0.354906153,0.031914752,0.351460206,0.022853921,0.327799036,0.034092491
DistilBERT,full,0.71961372,0,0.71949371,0,0.71961372,0,0.718790295,0,0.708576528,0,0.688206735,0,0.696908189,0
SetFit,few-shot,0.396936397,0.017598682,0.417833985,0.032966137,0.396936397,0.017598682,0.398100511,0.025460539,0.396066554,0.007525932,0.410517273,0.025400804,0.389305023,0.010239739
SetFit,five-shot,0.303252303,0.04096626,0.341577841,0.02821538,0.303252303,0.04096626,0.30815758,0.03555853,0.320808878,0.055953211,0.305910884,0.023366019,0.293946431,0.04275334
XLM-RoBERTa,few-shot,0.31035631,0.045624691,0.371355964,0.065278122,0.31035631,0.045624691,0.28324018,0.046200817,0.343151839,0.067609669,0.362719026,0.016852111,0.282171849,0.041122723
XLM-RoBERTa,five-shot,0.315573316,0.084515415,0.408911934,0.09409115,0.315573316,0.084515415,0.273769304,0.098450351,0.372157034,0.054625807,0.329813781,0.004287302,0.265935222,0.067064746
XLM-RoBERTa,full,0.738927739,0,0.738244468,0,0.738927739,0,0.738194292,0,0.726186277,0,0.712921353,0,0.718816751,0
mBERT,few-shot,0.396159396,0.027184605,0.426625746,0.0346574,0.396159396,0.027184605,0.398720197,0.030556374,0.394885957,0.020354525,0.411498155,0.038491466,0.384799657,0.02583672
mBERT,five-shot,0.339327339,0.024921688,0.387397597,0.048152687,0.339327339,0.024921688,0.337137939,0.027366289,0.358893612,0.036138897,0.362325987,0.015477104,0.327928056,0.028436396
mBERT,full,0.725940726,0,0.726423679,0,0.725940726,0,0.72483269,0,0.712456978,0,0.693057045,0,0.701027579,0
,,,,,,,,,,,,,,,
