source_index,sentence,gold_label,annotator,evidence_token_indices,evidence_tokens
10796,Mb price besi meyad kom.. and offer deo na .. customer ar sate valovabe contact kora jai na,1,annotator_1,,
10796,Mb price besi meyad kom.. and offer deo na .. customer ar sate valovabe contact kora jai na,1,annotator_2,,
81,valo kinto maje maje kaj kore na.,3,annotator_1,,
12628,Comparison? lol. Tarpor ki ashbe? chattogram mezbaan vs dhaka mezbaan? dhaka is just a shithole jekhane different city er food variety ene badly represent kora hoy,1,annotator_1,,
12628,Comparison? lol. Tarpor ki ashbe? chattogram mezbaan vs dhaka mezbaan? dhaka is just a shithole jekhane different city er food variety ene badly represent kora hoy,1,annotator_2,,
4207,Question chilo akta comilla board ar jonno koto comon porve plz janale opokar hobe,2,annotator_1,,
4207,Question chilo akta comilla board ar jonno koto comon porve plz janale opokar hobe,2,annotator_2,,
3592,Soriyat pur amader basa,2,annotator_1,,
3592,Soriyat pur amader basa,2,annotator_2,,
10486,Offer a dakhai akta dai akta....,1,annotator_1,,
14467,6 table spoon pani khicori te?,1,annotator_1,,
14467,6 table spoon pani khicori te?,1,annotator_2,,
10854,Majkhan diya dhukay daw,1,annotator_1,,
2911,"Vai m22f review dile amr jonno sob teke valo hoto , ami jane dunya keyamot hoile o review pabo nah , but still comment korlam",2,annotator_1,,
2911,"Vai m22f review dile amr jonno sob teke valo hoto , ami jane dunya keyamot hoile o review pabo nah , but still comment korlam",2,annotator_2,,
1369,"Ajker dinner ta bhalo chilo, but service beshi slow.",3,annotator_1,,
10648,Naim ke bad dite hobe,1,annotator_1,,
19469,Amder shariatpur kintu onk sundor ekti jela,0,annotator_1,,
19469,Amder shariatpur kintu onk sundor ekti jela,0,annotator_2,,
9831,"Shala asole Raam chagol, faltur faltu ",1,annotator_1,,
3089,Vai apni biye kobe korsen,2,annotator_1,,
3089,Vai apni biye kobe korsen,2,annotator_2,,
17072,Liton das our ab dviliars,0,annotator_1,,
117,"Vaiya k group e dekhe eto friendly mone hoy na,kintu ei video onk hasikhsui r friendly lagtese",3,annotator_1,,
117,"Vaiya k group e dekhe eto friendly mone hoy na,kintu ei video onk hasikhsui r friendly lagtese",3,annotator_2,,
1129,Atar take o. Vaiya unique kisu review den,3,annotator_1,,
402,"my palan ta valo na, gp ta valo",3,annotator_1,,
6677,Bhai fold 3 theke fold 5 e upgrade kora thik hobe?,2,annotator_1,,
4083,Rinki restaurant er boes 10 eta kobe holo. Amar boes ekhon 34 jakhon 17 chilo takhon o ei restaurant e khechi,2,annotator_1,,
10384,Or bolling er upor kono control chilona last er dike,1,annotator_1,,
10384,Or bolling er upor kono control chilona last er dike,1,annotator_2,,
6201,Dada 80 takar thali te ki bhat ar shobhi repeatable na ki one time e pawa jabe?,2,annotator_1,,
14045,Amar faridpur always miss,1,annotator_1,,
14045,Amar faridpur always miss,1,annotator_2,,
15980,Sei apps vlo lagche dada vai e ra,0,annotator_1,,
12331,"Ei app er kono sarbij valo na Call details ,, sms kichu ey valo na Banglalink best",1,annotator_1,,
18246,Dada apnader vlogs khub bhalo lagey apnader invite kortey chai akta mela tee kibhabe jogajog korbo,0,annotator_1,,
5933,Eita korte dabit card add korte hoy,2,annotator_1,,
5424,Hsc 24 er bangla english ict course nei,2,annotator_1,,
5424,Hsc 24 er bangla english ict course nei,2,annotator_2,,
1321,"Amare diye den. Ami bade sobai walton re troll kore. Sutorang, shorto mote phone ta pawar ekmatro jogho dabidar ami",3,annotator_1,,
1321,"Amare diye den. Ami bade sobai walton re troll kore. Sutorang, shorto mote phone ta pawar ekmatro jogho dabidar ami",3,annotator_2,,
18299,Class tar onek bala lagse sir,0,annotator_1,,
13587,Apu tmi muta hoiya geso onk age tmr hasi aro besi sndr chilo,1,annotator_1,,
12172,Ekta mcq o common pore nai board sylhet,1,annotator_1,,
12172,Ekta mcq o common pore nai board sylhet,1,annotator_2,,
1479,30k te keo phone kine ? at least 45 k te motamuti valo phone pawa jaay,3,annotator_1,,
1479,30k te keo phone kine ? at least 45 k te motamuti valo phone pawa jaay,3,annotator_2,,
16632,Odvut batting rony talukdar,0,annotator_1,,
15485,Tomar tetul khawa dekhe jive jol ese geche apu,0,annotator_1,,
862,Dinajpur board. Masaallah. Khubi vlo exam dichi,3,annotator_1,,
1672,"Ashwin er spin magic chilo, but tar batting ekdom disappointing laglo.",3,annotator_1,,
16958,Macher kochuri r tel ta,0,annotator_1,,
19051,apps ta khub valo amra sobai babohar kori,0,annotator_1,,
2085,Yasim Ahmed Dipu ditai ni vaccine,2,annotator_1,,
14555,252 bhul kotha bollen bhai,1,annotator_1,,
16209,Police ece onek besi balo kaj korte pare Kinto kore na. Tarpor o thanks,0,annotator_1,,
16209,Police ece onek besi balo kaj korte pare Kinto kore na. Tarpor o thanks,0,annotator_2,,
7533,Apnader eikhane ki all subject poranu hoy?,2,annotator_1,,
7533,Apnader eikhane ki all subject poranu hoy?,2,annotator_2,,
1539,"Online course ta informative chilo, tobuo technical issues khub irritating chilo.",3,annotator_1,,
1325,"Amar toh voiceover taah besh bhaloi laglo,spiceler but make him bangali",3,annotator_1,,
131,Vai onk giveaway te ongsho niyechi but kokhn winner hoye pari nai. Jai hok sam vaiyer video emniteo share kori not for giveaway just love always,3,annotator_1,,
7370,Apu apnader thanar namta bolen,2,annotator_1,,
7370,Apu apnader thanar namta bolen,2,annotator_2,,
6527,Bhaiya july a rtx 4060 ber hobe 299msrp te. So dam ki surutei onk bere jabe naki msrp r kacha kachi thakbe,2,annotator_1,,
6527,Bhaiya july a rtx 4060 ber hobe 299msrp te. So dam ki surutei onk bere jabe naki msrp r kacha kachi thakbe,2,annotator_2,,
2146,West bengal a cholana cupcat dada,2,annotator_1,,
17819,First time participate korlam r thanks vaiyaa eto easy vabe ei phn ta somporke bistarito described korar jonno. R in advance congratulations. Taratari 3m hoye jabe tai,0,annotator_1,,
13934,Ami lej kata magi,1,annotator_1,,
13934,Ami lej kata magi,1,annotator_2,,
17371,Khobi sondor video hoice bhai amader deshio ponno giveaway dewyar jonno thanks bhai,0,annotator_1,,
17371,Khobi sondor video hoice bhai amader deshio ponno giveaway dewyar jonno thanks bhai,0,annotator_2,,
4826,minit kinle jodi 100% parsent bonas ditu tahole valo hotu,2,annotator_1,,
3152,Vai ami apnadar satha kaj korta chai,2,annotator_1,,
15586,The best kacchi biryani in dhaka review koro apu,0,annotator_1,,
1682,"Hotel er room luxurious chilo, kintu room service onek slow chilo.",3,annotator_1,,
1682,"Hotel er room luxurious chilo, kintu room service onek slow chilo.",3,annotator_2,,
120,Vaiya apnr video ami sob smy dekhi. Jodio kichu kina hoyna cz tk nai goribs,3,annotator_1,,
1823,"Volleyball match e crowd energetic chilo, kintu referee er decision controversial laglo.",3,annotator_1,,
13093,Barir kase tower kinto valo net nai.why,1,annotator_1,,
12088,Etai to youtube e viral howa shie bagher bacha pc er case,1,annotator_1,,
12088,Etai to youtube e viral howa shie bagher bacha pc er case,1,annotator_2,,
4213,Qbits lania x1 mini pc nia akta review cai,2,annotator_1,,
15476,Tomare sedin dekhlam salman. Amar pashe diya gari chalaya gela ki shundor lagtesilo,0,annotator_1,,
423,Mota muti valo..kintu kono kom di ofar nai,3,annotator_1,,
423,Mota muti valo..kintu kono kom di ofar nai,3,annotator_2,,
317,"Phone er camera bhalo, but memory ektu kom.",3,annotator_1,,
317,"Phone er camera bhalo, but memory ektu kom.",3,annotator_2,,
98,Valo but khub valo na,3,annotator_1,,
15454,Tumar kotha bolle discount na diye freete dito,0,annotator_1,,
15454,Tumar kotha bolle discount na diye freete dito,0,annotator_2,,
13759,"Apnar coupon code expire hoia gasy , akhon 3000 tk dea register kora onk koster",1,annotator_1,,
6593,Bhai xiaomi pad 6 er review ki asbe ?,2,annotator_1,,
6593,Bhai xiaomi pad 6 er review ki asbe ?,2,annotator_2,,
17500,Jak akhon theke bola jabe pcb bd regular video upload dy,0,annotator_1,,
31,Vlo app but ekhon onk jamela kore,3,annotator_1,,
31,Vlo app but ekhon onk jamela kore,3,annotator_2,,
6357,Bujhlm apni pixel fan,2,annotator_1,,
3023,Vai ekta official you tube channel kivabe khulbo? jodi ekta reply video den vai onk khushi hobo plz plz plz vai ekta video,2,annotator_1,,
3023,Vai ekta official you tube channel kivabe khulbo? jodi ekta reply video den vai onk khushi hobo plz plz plz vai ekta video,2,annotator_2,,
17814,Fitness e ektu kheyal rakhen aro age jan country ke represent koren dowa roilo,0,annotator_1,,
17814,Fitness e ektu kheyal rakhen aro age jan country ke represent koren dowa roilo,0,annotator_2,,
537,khub bhalo laglo ai apps ta dekhea bt majhea moddhea care thakena update dilea aro bhalo hoi,3,annotator_1,,
18825,Arehh arman vai! apni na phd korte gechen!,0,annotator_1,,
903,Cumilla board e common pore naii tobuo onek valo korci,3,annotator_1,,
15093,Vaiya tomar video ar starting Atto vlo hoi Starting ta ami onkk bar dhekhi Have a safe travelling moments,0,annotator_1,,
1244,Apnar 1.20 tk 60 mb anen ta nahole amar sobi ono operetta er sim use korbo jodi abar anen tahole abar 5* dibo,3,annotator_1,,
19157,Apnar video dekhar jonno bose thaki apnar logic osadaron,0,annotator_1,,
19157,Apnar video dekhar jonno bose thaki apnar logic osadaron,0,annotator_2,,
8423,14 tarik apnar class korlam udvash e ajke,2,annotator_1,,
6460,Bkash se jodi cash out taka hajare 5 .ba 6 taka dile amader balo hoto,2,annotator_1,,
17665,Hidu musolman jai hok,0,annotator_1,,
17665,Hidu musolman jai hok,0,annotator_2,,
2044,"Rochonay podda shetu,metrorail,drobbomullo bridhhi thaka uchit chilo amr mne hy",2,annotator_1,,
16386,Onk sundor koire bujhascen sir,0,annotator_1,,
17131,kub sundor moner akta manush cilo..kub vlo manush,0,annotator_1,,
17131,kub sundor moner akta manush cilo..kub vlo manush,0,annotator_2,,
6118,Daraz a daklam 500600 tk modde,2,annotator_1,,
2982,Vai giveway khokon deben,2,annotator_1,,
18272,Congratulations sam vai 2. 74 million subscriber,0,annotator_1,,
12942,Bhai video te sound naii,1,annotator_1,,
16988,Love you samzonrxanonx20 xtraordinaryinnovationwithin waltonmobile samzone,0,annotator_1,,
16349,Onk vlo alta app,0,annotator_1,,
16349,Onk vlo alta app,0,annotator_2,,
15252,Vai eto eto giveaway,0,annotator_1,,
11246,Khub baje ekta app....Offer onujaiye flexi korleu offer active hoi nah.....,1,annotator_1,,
12742,Camera vala na original colour photo deka jayna don’t good camera and valo camera kinen,1,annotator_1,,
9288,"Tor part dhekle mone hoy, tore juta kuila muja dia bairai.",1,annotator_1,,
11088,"Kon Gadar Hate Kaj Koraccho,,App Update Hote Atu Din Lage kn?",1,annotator_1,,
9539,Takani customer khujse asob kore,1,annotator_1,,
1633,"Break er duration sufficient chilo, kintu ekta important announcement miss hoye gelo.",3,annotator_1,,
1633,"Break er duration sufficient chilo, kintu ekta important announcement miss hoye gelo.",3,annotator_2,,
292,"Project ta complete kore khushi, kintu deadline beshi pressure chilo.",3,annotator_1,,
1604,"Flower shop er variety onek bhalo chilo, though staff helpful chilo na.",3,annotator_1,,
1604,"Flower shop er variety onek bhalo chilo, though staff helpful chilo na.",3,annotator_2,,
9933,Sala bokachoda amr nam kharap kore dilo,1,annotator_1,,
8281,"402 color gamot check korlen kibabe, process ta bolle upokkrito hotam vai, ami 2025 din por laptop kinbo tai eta janata joruri",2,annotator_1,,
1806,"Notun fitness gadget ta accurate chilo, tobe tar battery backup disappointing chilo.",3,annotator_1,,
13541,Are afa chehara dekhan nh kno? khali aje baje pose dey,1,annotator_1,,
12268,Ei rokom hot pic aro chai,1,annotator_1,,
510,Ki camera diye video korsen,3,annotator_1,,
4221,Pubg and eafc 24 cholbe toh?,2,annotator_1,,
686,Ghori ta joss laglo. Akta smart watch kinar onek iccha but tk er kasei amra here jai,3,annotator_1,,
686,Ghori ta joss laglo. Akta smart watch kinar onek iccha but tk er kasei amra here jai,3,annotator_2,,
14717,You are so cute apu. Uncle nd aunty kemon achen?,0,annotator_1,,
4900,Macbook a use kora jabe ?,2,annotator_1,,
12906,big network problam youtube colca na vlo moto,1,annotator_1,,
12906,big network problam youtube colca na vlo moto,1,annotator_2,,
18337,Business studies class cai vaiya,0,annotator_1,,
11673,ha obossoi sobai sundor.. Kintu MS Bangladesh  to sundori + talent dui tai lag a... Sobai k to ar banay na.. Sei dik tekha sundor na,1,annotator_1,,
14963,Vdota onk valolagse apu,0,annotator_1,,
14963,Vdota onk valolagse apu,0,annotator_2,,
14383,Afu afar gal gulu onak mota hoy gasa,1,annotator_1,,
1403,Ager tai vlo chilo update deyar por to Login kortei parchi na Problem ta ki Login korte na parle use kivabe korbo,3,annotator_1,,
12492,Dhaka bord a khub e kom common ase,1,annotator_1,,
12492,Dhaka bord a khub e kom common ase,1,annotator_2,,
1648,"Morning smoothie refreshing chilo, kintu fruit er seeds properly blend hoy na.",3,annotator_1,,
4554,Omg apu tumi amader shariatpur ar meye,2,annotator_1,,
6824,Bangladeshi food reviwer er fahim ashle ei place guluke niyei 56 ta video banaito,2,annotator_1,,
