source_index,token_index,token,tag
16936,5,jaygata,
18810,5,valo,
16559,12,valobashar,
14289,4,baad,
14801,3,decche,
12533,11,jeno,
3587,6,bole,
9766,3,pasar,
15,6,viwer,
4638,0,Nije,
493,15,gp,
7172,0,Arc,
9329,9,thanda,
2070,9,oita,
19311,6,dekha,
17419,9,thkatai,
19500,15,dhonnobad,
8030,4,ke,
8293,2,ekta,
9163,13,apps,
11447,9,vai,
2,1,made,
3086,12,simito,
9632,4,banan,
10058,0,Ram,
12622,11,Price,
3406,0,Tmi,
12543,5,guitar,
12761,9,lagti,
5542,2,er,
7568,5,somosha,
19517,8,hay,
198,4,asche,
2217,4,chai,
5165,4,korta,
13486,2,ken,
9574,3,common,
16990,7,sam,
1031,10,je,
5371,1,11gen,
18708,6,onk,
3587,17,hoe,
3456,4,review,
6289,4,ase,
3229,8,plz,
16446,3,Network,
567,8,but,
9215,2,baler,
648,26,likhsi,
7584,2,water,
9766,9,dibe,
13839,9,na,
16831,3,vlo,
11447,16,pore,
15830,3,kori,
15587,5,boshe,
10308,9,nai,
1872,6,hoyeche,
13679,8,kindly,
1039,25,te?,
13883,27,jukti,
5881,3,bola,
11309,16,speed..,
3084,3,thaken,
8974,2,k,
5444,11,gula,
5444,18,pabo,
13884,0,Amn,
4293,3,ar,
1310,14,balo,
11485,5,e,
16831,6,future,
2474,4,neo,
4998,1,apnar,
13169,2,dhonsher,
19184,4,"hoyeche,",
6031,0,Drone,
16569,2,ekta,
8270,9,plzzz,
16245,0,Phone,
18407,6,kori,
648,0,Hari,
16156,0,Puro,
19985,4,bebohar,
13023,1,next,
12622,13,kom,
7237,2,vidior,
18097,0,Dhonnobad,
4411,1,download,
14289,6,onk,
991,7,bhalo,
19311,7,korar,
4719,4,vai,
13381,0,Audio,
11676,1,to,
2457,1,ryzan,
493,11,bad,
15659,20,ato,
9348,16,korte,
15659,15,amdr,
12956,0,Bhai,
8873,12,akhn,
9163,2,kicu,
8118,4,5,
1805,2,er,
4337,3,demo,
5598,2,kba,
4802,20,r,
3828,7,ta,
648,6,cq,
8444,1,",",
17694,4,dar,
11564,11,na,
9348,17,dibana?,
1872,8,ta,
3783,4,janno,
1953,16,hoy,
501,8,valo,
18266,8,beparta,
3561,5,thake,
9385,2,bacchami,
4362,3,dile,
13884,17,diya,
9329,0,Tomar,
9126,7,akjon,
5731,2,er,
1872,9,video,
4431,10,valo,
1119,6,to,
16887,5,lukche,
6631,7,anen,
648,22,sob,
9424,3,elakai,
11805,10,gula,
6808,4,er,
1046,8,vabsilam,
4802,10,dollar,
8361,3,eid,
19126,9,bar,
4745,7,inch,
12104,10,tika,
3041,1,charger,
13486,1,na,
6400,11,specs,
9424,4,gela,
5639,1,k,
19921,8,happy,
5204,5,pai,
6400,1,biwintech,
2358,11,jai,
18529,0,Best,
784,1,amazfit,
7665,8,kortesi,
6034,1,Bill,
19763,4,cilam,
19184,7,kore.,
812,4,jdi,
1476,19,shajay,
18529,7,samzone,
1816,4,kintu,
4719,2,the,
6804,0,Batary,
6531,1,eta,
16165,3,Taniyeake,
1039,15,even,
192,4,temperature,
9185,10,off,
15604,11,jonno,
2863,4,review,
5400,3,use,
2723,1,akhan,
6034,12,Tk,
10761,14,takar,
3596,0,Somoy,
19418,4,nebo,
18635,3,ek,
15222,3,amay,
784,19,che,
13562,4,bad,
15507,25,box,
5165,1,briyani,
2,15,sotti,
17028,0,Love,
12218,2,hasina,
13088,6,e,
779,1,naki,
16054,3,ak,
7804,5,dhakar,
12543,13,oita,
6806,1,chere,
7526,17,tahole,
2580,2,ami,
13784,4,nai,
6400,2,er,
8361,5,diten,
11417,14,download,
12543,0,Dear,
9163,12,eto,
5094,14,chai,
11803,3,kinso,
192,5,ta,
3828,14,kora,
12956,16,s21,
1476,3,r,
12091,9,nia,
15604,3,amder,
15507,8,jete,
13843,6,Ar,
14801,0,Walton,
4802,12,pfizer,
17419,17,kkhn,
1816,6,er,
567,3,dorkar,
7442,7,problem,
18926,8,aktu,
14772,9,taratari,
12125,0,Er,
3086,1,apni,
19126,11,bowling,
8120,2,full,
1456,0,Aaaata,
13775,3,lomba,
19933,1,er,
4306,12,reply,
18834,2,Dubai,
13510,1,a,
13752,20,er,
11805,2,clearance,
19449,5,181,
19126,1,bowling,
2583,3,dazar,
18708,11,laughing,
13884,16,Beshi,
3561,0,Sticker,
1310,21,hoy,
18969,0,Apu,
10631,5,"Amoled,",
7330,9,apnar,
2158,6,tar,
5793,0,Etodin,
4024,4,ki,
7239,1,tmr,
19484,0,Amar,
991,0,Book,
2425,3,mode,
16655,3,vlo,
5068,4,er,
12704,6,abar.,
4458,7,hoito,
9092,11,akbar,
13883,9,hajar,
7584,23,problem,
1031,15,kom,
2583,12,pauya,
12947,6,aiga,
3587,0,South,
15008,4,akhon,
493,17,er,
9095,18,50,
2457,12,b550,
11417,16,parchi,
5068,7,kore,
7354,2,tho,
11638,10,tai,
10308,5,gese,
11805,8,oi,
12885,7,tomra,
812,17,thakleo,
12555,2,apps,
13249,10,khub,
16156,16,bhai,
6242,10,official,
19985,1,mobile,
11485,6,gesen,
10761,18,banani,
3828,5,Oikhane,
10193,2,o,
10455,0,oi,
19484,7,amar,
2425,4,a,
9348,3,korbe,
17746,10,valo,
2713,9,pay?,
17530,2,darun,
2923,0,Vai,
17419,18,j,
3048,3,error,
2943,1,jan,
13679,10,korun,
16990,4,shomoy,
18122,7,launch,
2539,9,free,
4018,0,S23,
8270,0,45k,
19126,2,action,
4341,7,kora,
10704,6,release,
2478,18,khla,
4636,8,bujco,
14452,6,naki,
