operator,source,replacement,approved,notes
antonym,bhalo,kharap,,
antonym,kharap,bhalo,,
antonym,valo,baje,,
antonym,baje,valo,,
antonym,vlo,baje,,
antonym,baje,vlo,,
antonym,balo,kharap,,
antonym,kharap,balo,,
antonym,sundor,kharap,,
antonym,kharap,sundor,,
antonym,shundor,kharap,,
antonym,kharap,shundor,,
antonym,darun,joghonno,,
antonym,joghonno,darun,,
antonym,khusi,dukkho,,
antonym,dukkho,khusi,,
antonym,khushi,dukkho,,
antonym,dukkho,khushi,,
antonym,best,worst,,
antonym,worst,best,,
antonym,good,bad,,
antonym,bad,good,,
antonym,great,terrible,,
antonym,terrible,great,,
antonym,excellent,awful,,
antonym,awful,excellent,,
antonym,awesome,awful,,
antonym,awful,awesome,,
antonym,nice,awful,,
antonym,awful,nice,,
antonym,love,hate,,
antonym,hate,love,,
antonym,loved,hated,,
antonym,hated,loved,,
antonym,happy,sad,,
antonym,sad,happy,,
antonym,perfect,broken,,
antonym,broken,perfect,,
antonym,satisfied,disappointed,,
antonym,disappointed,satisfied,,
negation,nai,,,
negation,nei,,,
contrast_marker,kintu,,,
contrast_marker,kinto,,,
contrast_marker,kindo,,,
contrast_marker,kin2,,,
contrast_marker,kinthu,,,
contrast_marker,but,,,
contrast_marker,bt,,,
contrast_marker,butt,,,
contrast_marker,however,,,
contrast_marker,though,,,
contrast_marker,although,,,
contrast_marker,tobe,,,
contrast_marker,tabe,,,
contrast_marker,jodio,,,
