model,setting,accuracy,macro_accuracy,precision_macro,recall_macro,f1_macro,bs
mBERT,five-shot,0.626506024,0.483962348,0.477540891,0.483962348,0.473386929,4
mBERT,few-shot,0.572155288,0.480040518,0.480472786,0.480040518,0.480192096,8
mBERT,full,0.812048193,0.767386673,0.769233839,0.767386673,0.7682973,32
XLM-RoBERTa,five-shot,0.715662651,0.5,0.357831325,0.5,0.417134831,4
XLM-RoBERTa,few-shot,0.67978581,0.486284692,0.448328719,0.486284692,0.434802919,8
XLM-RoBERTa,full,0.813654618,0.75120001,0.774942878,0.75120001,0.761162578,32
BanglaBERT,five-shot,0.644176707,0.523264662,0.528572096,0.523264662,0.521704065,4
BanglaBERT,few-shot,0.590896921,0.506187106,0.505984638,0.506187106,0.505915768,8
BanglaBERT,full,0.823293173,0.763325344,0.787795049,0.763325344,0.773661803,32
BanglishBERT,five-shot,0.289424364,0.500149011,0.502664466,0.500149011,0.232280483,4
BanglishBERT,few-shot,0.344310576,0.482312136,0.474775998,0.482312136,0.335994023,8
BanglishBERT,full,0.823293173,0.781769357,0.783060853,0.781769357,0.782409209,32
DistilBERT,five-shot,0.288353414,0.499400788,0.488199301,0.499400788,0.230636711,4
DistilBERT,few-shot,0.2854083,0.499613207,0.475423046,0.499613207,0.224087144,8
DistilBERT,full,0.81231593,0.755656058,0.771501655,0.755656058,0.762689726,32
BERT,five-shot,0.718607764,0.514826545,0.645723693,0.514826545,0.456408594,4
BERT,few-shot,0.706559572,0.521731756,0.575908458,0.521731756,0.487776385,8
BERT,full,0.812583668,0.759815671,0.771051202,0.759815671,0.764977441,32
