model,setting,seed,accuracy,precision,recall,f1,precision_macro,recall_macro,f1_macro,n_per_class,epochs,lr,bs,weight_decay,label_smoothing_factor,freeze_base,unfreeze_last_n,patience
mBERT,five-shot,100,0.4144736842105263,0.38091817721751936,0.4144736842105263,0.3569315803838858,0.37782634032634027,0.3780073874413497,0.34080715873028744,5.0,10,2e-05,4,0.01,0.1,True,2.0,5
mBERT,few-shot,100,0.375,0.38561416240165,0.375,0.3705096464925432,0.3716416706982744,0.3889637616052711,0.36832625353989673,20.0,10,2e-05,8,0.01,0.1,True,2.0,5
mBERT,full,100,0.9210526315789473,0.9222263155148073,0.9210526315789473,0.9208443349175616,0.9257413399204445,0.9126734551262853,0.9183203270159792,,10,2e-05,16,0.01,0.05,False,,3
XLM-RoBERTa,five-shot,100,0.34868421052631576,0.12158067867036011,0.34868421052631576,0.18029525032092428,0.11622807017543858,0.3333333333333333,0.17235772357723578,5.0,10,2e-05,4,0.01,0.1,True,2.0,5
XLM-RoBERTa,few-shot,100,0.5,0.5012162759840779,0.5,0.4953868209963411,0.4950980392156863,0.4866476989118498,0.48530207537560477,20.0,10,2e-05,8,0.01,0.1,True,2.0,5
XLM-RoBERTa,full,100,0.9868421052631579,0.9869449013157895,0.9868421052631579,0.9868216760154795,0.988502358490566,0.9844514325646401,0.9863911842271378,,10,2e-05,16,0.01,0.05,False,,3
BanglaBERT,five-shot,100,0.4144736842105263,0.3768894497123375,0.4144736842105263,0.34568944594688295,0.3722728295096716,0.3661026255365878,0.32204655248133507,5.0,10,2e-05,4,0.01,0.1,True,2.0,5
BanglaBERT,few-shot,100,0.4605263157894737,0.5427779870571632,0.4605263157894737,0.4426819191507073,0.5155859416728982,0.5074373564939603,0.4542218046094015,20.0,10,2e-05,8,0.01,0.1,True,2.0,5
BanglaBERT,full,100,0.9407894736842105,0.9404532967032967,0.9407894736842105,0.9404514532369656,0.9368131868131869,0.9325147249675552,0.9344972613458529,,10,2e-05,16,0.01,0.05,False,,3
BanglishBERT,five-shot,100,0.29605263157894735,0.1818652700641708,0.29605263157894735,0.21632934079384505,0.20260008504951096,0.3572676450034941,0.24824658545588782,5.0,10,2e-05,4,0.01,0.1,True,2.0,5
BanglishBERT,few-shot,100,0.5526315789473685,0.597318869959643,0.5526315789473685,0.5362690611300863,0.5767236747538603,0.5744983528002395,0.5326145460739227,20.0,10,2e-05,8,0.01,0.1,True,2.0,5
BanglishBERT,full,100,0.9539473684210527,0.9555843653250774,0.9539473684210527,0.9537201411592422,0.9590196078431372,0.9470649895178197,0.9520485048684856,,10,2e-05,16,0.01,0.05,False,,3
DistilBERT,five-shot,100,0.3157894736842105,0.430252437483073,0.3157894736842105,0.262100942641045,0.4075185820468839,0.3581411600279525,0.26502806131606976,5.0,10,2e-05,4,0.01,0.1,True,2.0,5
DistilBERT,few-shot,100,0.3881578947368421,0.40988806572306047,0.3881578947368421,0.3951791180448271,0.38663773448433103,0.3787561146051712,0.37816843988474086,20.0,10,2e-05,8,0.01,0.1,True,2.0,5
DistilBERT,full,100,0.881578947368421,0.8894936816939891,0.881578947368421,0.8799264530991798,0.896295031370168,0.8620844564240789,0.8719918782082065,,10,2e-05,16,0.01,0.05,False,,3
BERT,five-shot,100,0.39473684210526316,0.404181328142547,0.39473684210526316,0.36942338955496856,0.3808202939781887,0.3732404911650195,0.34835263835263836,5.0,10,2e-05,4,0.01,0.1,True,2.0,5
BERT,few-shot,100,0.4144736842105263,0.6003219855193539,0.4144736842105263,0.40214389191705235,0.558289241622575,0.4733203553958271,0.4087206983964226,20.0,10,2e-05,8,0.01,0.1,True,2.0,5
BERT,full,100,0.881578947368421,0.882787081339713,0.881578947368421,0.8817111501942937,0.8747811447811448,0.870994309673555,0.8724672403268023,,10,2e-05,16,0.01,0.05,False,,3
