model,setting,accuracy,subset_accuracy,precision_macro,recall_macro,f1_macro,precision_micro,recall_micro,f1_micro,f1_humorous,precision_humorous,recall_humorous,f1_vulgar,precision_vulgar,recall_vulgar,f1_offensive,precision_offensive,recall_offensive,f1_sarcastic,precision_sarcastic,recall_sarcastic,n_per_label,bs
mBERT,five-shot,0.15542522,0.15542522,0.283701887,0.251592404,0.107610727,0.262848752,0.287550201,0.274645186,0.018229167,0.875,0.009210526,0,0,0,0,0,0,0.41221374,0.25980755,0.997159091,5,4
mBERT,few-shot,0.162756598,0.162756598,0.284252183,0.215370813,0.104757692,0.266031196,0.246586345,0.255939975,0.018229167,0.875,0.009210526,0,0,0,0,0,0,0.400801603,0.262008734,0.852272727,20,8
mBERT,full,0.40542522,0.40542522,0.317440633,0.298677069,0.298672046,0.540711462,0.54939759,0.54501992,0.684273709,0.629139073,0.75,0.204081633,0.322580645,0.149253731,0,0,0,0.306332842,0.318042813,0.295454545,,16
XLM-RoBERTa,five-shot,0.151759531,0.151759531,0.064516129,0.25,0.102564103,0.258064516,0.282730924,0.269835186,0,0,0,0,0,0,0,0,0,0.41025641,0.258064516,1,5,4
XLM-RoBERTa,few-shot,0.151759531,0.151759531,0.064516129,0.25,0.102564103,0.258064516,0.282730924,0.269835186,0,0,0,0,0,0,0,0,0,0.41025641,0.258064516,1,20,8
XLM-RoBERTa,full,0.465542522,0.465542522,0.15063234,0.219407895,0.178628816,0.602529359,0.535742972,0.567176871,0.714515265,0.602529359,0.877631579,0,0,0,0,0,0,0,0,0,,16
BanglaBERT,five-shot,0.16568915,0.16568915,0.065949675,0.230823864,0.102588384,0.263798701,0.261044177,0.262414211,0,0,0,0,0,0,0,0,0,0.410353535,0.263798701,0.923295455,5,4
BanglaBERT,few-shot,0.197947214,0.197947214,0.063609467,0.030539773,0.041266795,0.25443787,0.034538153,0.060820368,0,0,0,0,0,0,0,0,0,0.165067179,0.25443787,0.122159091,20,8
BanglaBERT,full,0.471407625,0.471407625,0.149619611,0.232894737,0.182192486,0.598478445,0.568674699,0.583196046,0.728769943,0.598478445,0.931578947,0,0,0,0,0,0,0,0,0,,16
BanglishBERT,five-shot,0.007331378,0.007331378,0.277270571,0.445918062,0.123464127,0.142385473,0.277108434,0.188113413,0.010457516,0.8,0.005263158,0.093640811,0.049120235,1,0,0,0,0.389758179,0.259962049,0.778409091,5,4
BanglishBERT,few-shot,0.208944282,0.208944282,0.03,0.01119403,0.016304348,0.12,0.002409639,0.004724409,0,0,0,0.065217391,0.12,0.044776119,0,0,0,0,0,0,20,8
BanglishBERT,full,0.403225806,0.403225806,0.323978488,0.276462856,0.297917805,0.557635468,0.454618474,0.500884956,0.629399586,0.661828737,0.6,0.258064516,0.280701754,0.23880597,0,0,0,0.30420712,0.353383459,0.267045455,,16
DistilBERT,five-shot,0.000733138,0.000733138,0.16257354,0.698684211,0.209547581,0.193083573,0.591967871,0.291189253,0.651915812,0.552607502,0.794736842,0.093837535,0.049228508,1,0.092436975,0.04845815,1,0,0,0,5,4
DistilBERT,few-shot,0.007331378,0.007331378,0.166669907,0.584237158,0.168110618,0.141205873,0.363052209,0.203328835,0.488721805,0.570175439,0.427631579,0.093550673,0.049107143,0.985074627,0.090169993,0.047397047,0.924242424,0,0,0,20,8
DistilBERT,full,0.390029326,0.390029326,0.328347709,0.294394058,0.30078538,0.533333333,0.526907631,0.53010101,0.657282742,0.614416476,0.706578947,0.226804124,0.366666667,0.164179104,0,0,0,0.319054653,0.332307692,0.306818182,,16
BERT,five-shot,0.119501466,0.119501466,0.215881139,0.413339813,0.260407791,0.368514412,0.66746988,0.474857143,0.600750939,0.572792363,0.631578947,0,0,0,0.031496063,0.032786885,0.03030303,0.409384164,0.257945307,0.991477273,5,4
BERT,few-shot,0.108504399,0.108504399,0.209802942,0.345641447,0.216873761,0.309583542,0.495582329,0.381099444,0.43273906,0.563291139,0.351315789,0,0,0,0.025316456,0.01754386,0.045454545,0.409439528,0.258376768,0.985795455,20,8
BERT,full,0.414956012,0.414956012,0.367616689,0.257333585,0.286434458,0.57797271,0.476305221,0.5222369,0.657912016,0.656618611,0.659210526,0.209302326,0.473684211,0.134328358,0,0,0,0.27852349,0.340163934,0.235795455,,16
